Primer,Sequence
p15A_FW_40overhang,gaaaagatcaaaggatcttccctagggatatattccgctt
IacIq_BW_40overhang,gtggtagagggactgttcatggtttaacctcctgtgtgaa
IspA_FW_40overhang,atcggaacgcacgcgcatgaggatcctattcattaaagaggag
MvaK2_BW_40overhang,tacgttacctcctcaggatcttacgatttgtcgtcatgtcctatc
Idi_FW_40overhang,gacatgacgacaaatcgtaagatcctgaggaggtaacgta
rrnBT_BW_40ovehang_2,ggagaaaataccgcatcaggaagagtttgtagaaacgcaaaaagg
Lycopene_FW_40overhang,ttcacacaggaggttaaaccatgaacagtccctctaccac
Lycopene_BW_40overhang,ctctttaatgaataggatcctcatgcgcgtgcgttccgat
URA3_FW_40overhang_2,ttgcgtttctacaaactcttcctgatgcggtattttctcc
URA3_BW_40overhang,atcatgacattaacctataaaaataggcgtatcacgaggc
2μ ori_FW_40overhang,gcctcgtgatacgcctatttttataggttaatgtcatgat
AmpR_BW_40overhang,aagcggaatatatccctagggaagatcctttgatcttttc
pTDH3-p15A-F,cctttttacggttcctggccgcagttcgagtttatcattatc
pTDH3-CrtE-R,AGGATGTTCGCGTAATCCATcttttgtttgtttatgtgtgtttattcg
CrtE-pTDH3-F,cacacataaacaaacaaaagATGGATTACGCGAACATCCT
CrtE-tTDH1-R,tcaagattgctttatctcgTCACAGAGGGATATCGGCTAG
tTDH1-CrtE-F2,CTAGCCGATATCCCTCTGTGAcgagataaagcaatcttgatgagg
tTDH1-URA3-R,ggagaaaataccgcatcaggagccgttcagggtaatatattttaacc
URA3-tTDH1-F,atatattaccctgaacggctcctgatgcggtattttctccttacg
URA3_BW_40overhang,atcatgacattaacctataaaaataggcgtatcacgaggc
2μ ori_FW_40overhang,gcctcgtgatacgcctatttttataggttaatgtcatgat
2μ ori-AmpR-R,agaaacgcaaaaaggccatcgaaaagtgccacctgaacga
AmpR-2μ ori-F,tcgttcaggtggcacttttcgatggcctttttgcgtttct
p15A-pTDH3-R,taatgataaactcgaactgcggccaggaaccgtaaaaag
pRPL18B-tTDH1-F,ttaccctgaacggctgtggtctcaaacgaagaggatgtc
pRPL18B-CrtYB-R,GTAATATGCGAGAGCCGTCATggtctggtctcacatagatctttt
CrtYB-pRPL18B-F,atctatgtgagaccagaccATGACGGCTCTCGCATATTAC
CrtYB-tADH1-R,gaaattcgcctcgagttaggTTACTGCCCTTCCCATCCGC
tADH1-CrtYB-F,GCGGATGGGAAGGGCAGTAAcctaactcgaggcgaatttc
tADH1-URA3-R,gcgtaaggagaaaataccgcatcgaaatggggagcgatttgca
pREV-tADH1-F,caaatcgctccccatttcgtgttgttatccgatacaaccg
pREV1-CrtI-R,CCTGATCTTGTTCTTTTCCCATcgctggatatgcctagaaatg
CrtI-pREV1-F,ttctaggcatatccagcgATGGGAAAAGAACAAGATCAGG
CrtI-tENO1-R,cttaatcaaaagctctcgTCAGAAAGCAAGAACACCAACG
tENO1-CrtI-F,CGTTGGTGTTCTTGCTTTCTGAcgagagcttttgattaagcct
tENO1-URA3-R,gctcttttggtcacccatgtatatgcggtattttctccttacg
AmpR-2μ ori-F,tcgttcaggtggcacttttcgatggcctttttgcgtttct
p15Aori-R,gccaggaaccgtaaaaaggc
2μ ori_FW_40overhang,gcctcgtgatacgcctatttttataggttaatgtcatgat
2μ ori-AmpR-R,agaaacgcaaaaaggccatcgaaaagtgccacctgaacga
URA3-tENO1-F,gctcttttggtcacccatgtatatgcggtattttctccttacg
URA3_BW_40overhang,atcatgacattaacctataaaaataggcgtatcacgaggc
CEN/ARS-URA3-F,gcctcgtgatacgcctatttttataggttaatgtcatgatggtctcagagtatcacgtgct
CEN/ARS-AmpR-R,agaaacgcaaaaaggccatcgaaaagtgccacctgaacgatggtctggtctcatcgggac
CrtE-F,atggattacgcgaacatcctcac
_CrtE-tTDH1-R,tcaagattgctttatctcgtcacagagggatatcggctagc
CrtYB-F,atgacggctctcgcatattacc
_CrtYB-tADH1-R,gaaattcgcctcgagttaggttactgcccttcccatccgc
CrtI-F,atgggaaaagaacaagatcaggataaaccc
_CrtI-tENO1-R,cttaatcaaaagctctcgtcagaaagcaagaacaccaacgg
_tTDH1-CrtE-F,ctagccgatatccctctgtgacgagataaagcaatcttgatgaggataatg
tTDH1-R,cgttcagggtaatatattttaaccgccg
_tADH1-CrtYB-F,gcggatgggaagggcagtaacctaactcgaggcgaatttcttatg
tADH1-R,cgaaatggggagcgatttgc
_tENO1-CrtI-F,cgttggtgttcttgctttctgacgagagcttttgattaagccttctag
tENO1-URA3-R,aaggagaaaataccgcatatacatgggtgaccaaaagagc
1-pTDH3-F,caagaagatcatcttattaagcctttttacggttcctggccgcagttcgagtttatcattatcaatactgc
1-pTDH3-R,actcgagtggaattgctgtgaggatgttcgcgtaatccatgatcttttgtttgtttatgtgtgtttattcg
1-pTEF2-F,caagaagatcatcttattaagcctttttacggttcctggcggtctcaaacgttgataggtcaag
1-pTEF2-R,actcgagtggaattgctgtgaggatgttcgcgtaatccatctgtttagttaattatagttcgttgaccg
1-pHTB2-F,caagaagatcatcttattaagcctttttacggttcctggccggtctcaaacgtatatattaaatttgctcttgttctg
1-pHTB2-R,actcgagtggaattgctgtgaggatgttcgcgtaatccatgatcttagttgtagagtaagttgttgttggtttgag
1-pALD6-F,caagaagatcatcttattaagcctttttacggttcctggccgtaagggcatgatagaattggatt
1-pALD6-R,actcgagtggaattgctgtgaggatgttcgcgtaatccatcttgtattctgatagtatgtgtttgtg
1-pRNR2-F,caagaagatcatcttattaagcctttttacggttcctggccgagtcgaacaagaagcaggc
1-pRNR2-R,actcgagtggaattgctgtgaggatgttcgcgtaatccatgatctggtaattggacaaataaatacgtg
2-pPGK1-F,tggcgagaacgtcggcggttaaaatatattaccctgaacggtgagtaaggaaagagtgaggaactatcg
2-pPGK1-R,tatagatcagatggatctggtaatatgcgagagccgtcatggtctcacatagatcttgttttatatttgttg
2-pTEF1-F,tggcgagaacgtcggcggttaaaatatattaccctgaacggccttgccaacagggagttctt
2-pTEF1-R,tatagatcagatggatctggtaatatgcgagagccgtcatggtctggtctcacatagatcttttg
2-pHHF1-F,tggcgagaacgtcggcggttaaaatatattaccctgaacgcgtcttggggccttaccacc
2-pHHF1-R,tatagatcagatggatctggtaatatgcgagagccgtcatggtctggtctcacatagatctattttac
2-pPAB1-F,tggcgagaacgtcggcggttaaaatatattaccctgaacgcgaaggcaagcccagaaaaatatc
2-pPAB1-R,tatagatcagatggatctggtaatatgcgagagccgtcatggtctggtctcacatagatctttt
2-pSAC6-F,tggcgagaacgtcggcggttaaaatatattaccctgaacgcgtttgagaatgaccttccacgag
2-pSAC6-R,tatagatcagatggatctggtaatatgcgagagccgtcatttgtgttttggtgtactccttagggc
3-pCCW12-F,ggcatgccgagcaaatgcctgcaaatcgctccccatttcgcgcacccatgaaccacacggttag
3-pCCW12-R,tgatagctgtgggtttatcctgatcttgttcttttcccatatctttattgatatagtgtttaagcgaatgacag
3-pHHF2-F,ggcatgccgagcaaatgcctgcaaatcgctccccatttcgcgtgtggagtgtttgcttgga
3-pHHF2-R,tgatagctgtgggtttatcctgatcttgttcttttcccatggtctggtctcacatagatcttatt
3-pPRL18B-F,ggcatgccgagcaaatgcctgcaaatcgctccccatttcgggtctcaaacgaagaggatgtcc
3-pPRL18B-R,tgatagctgtgggtttatcctgatcttgttcttttcccatggtctggtctcacatagatcttttgt
3-pRET2-F,ggcatgccgagcaaatgcctgcaaatcgctccccatttcgacgatggcttcttatctcacttc
3-pRET2-R,tgatagctgtgggtttatcctgatcttgttcttttcccatcttgtgtatttcttttgatggagctatagg
3-pRNR1-F,ggcatgccgagcaaatgcctgcaaatcgctccccatttcgcgggatatcgtaaacaaaggcg
3-pRNR1-R,tgatagctgtgggtttatcctgatcttgttcttttcccatggtctggtctcacatagatctgatg
