Sequences of primers for β-carotene pathway part optimization. The primers listed below were used to amplify the DNA fragments for β-carotene pathway optimization. Each primer contains a 40 bp homologous arm at the flanking ends of the DNA fragments.,
Name,Sequence (5′→3′)
AmpR-2μ ori-F,tcgttcaggtggcacttttcgatggcctttttgcgtttct
p15Aori-R,gccaggaaccgtaaaaaggc
2μ ori_FW_40overhang,gcctcgtgatacgcctatttttataggttaatgtcatgat
2μ ori-AmpR-R,agaaacgcaaaaaggccatcgaaaagtgccacctgaacga
URA3-tENO1-F,gctcttttggtcacccatgtatatgcggtattttctccttacg
URA3_BW_40overhang,atcatgacattaacctataaaaataggcgtatcacgaggc
CEN/ARS-URA3-F,gcctcgtgatacgcctatttttataggttaatgtcatgatggtctcagagtatcacgtgct
CEN/ARS-AmpR-R,agaaacgcaaaaaggccatcgaaaagtgccacctgaacgatggtctggtctcatcgggac
CrtE-F,atggattacgcgaacatcctcac
CrtE-tTDH1-R,tcaagattgctttatctcgtcacagagggatatcggctagc
CrtYB-F,atgacggctctcgcatattacc
CrtYB-tADH1-R,gaaattcgcctcgagttaggttactgcccttcccatccgc
CrtI-F,atgggaaaagaacaagatcaggataaaccc
CrtI-tENO1-R,cttaatcaaaagctctcgtcagaaagcaagaacaccaacgg
tTDH1-CrtE-F,ctagccgatatccctctgtgacgagataaagcaatcttgatgaggataatg
tTDH1-R,cgttcagggtaatatattttaaccgccg
tADH1-CrtYB-F,gcggatgggaagggcagtaacctaactcgaggcgaatttcttatg
tADH1-R,cgaaatggggagcgatttgc
tENO1-CrtI-F,cgttggtgttcttgctttctgacgagagcttttgattaagccttctag
tENO1-URA3-R,aaggagaaaataccgcatatacatgggtgaccaaaagagc
1-pTDH3-F,caagaagatcatcttattaagcctttttacggttcctggccgcagttcgagtttatcattatcaatactgc
1-pTDH3-R,actcgagtggaattgctgtgaggatgttcgcgtaatccatgatcttttgtttgtttatgtgtgtttattcg
1-pTEF2-F,caagaagatcatcttattaagcctttttacggttcctggcggtctcaaacgttgataggtcaag
1-pTEF2-R,actcgagtggaattgctgtgaggatgttcgcgtaatccatctgtttagttaattatagttcgttgaccg
1-pHTB2-F,caagaagatcatcttattaagcctttttacggttcctggccggtctcaaacgtatatattaaatttgctcttgttctg
1-pHTB2-R,actcgagtggaattgctgtgaggatgttcgcgtaatccatgatcttagttgtagagtaagttgttgttggtttgag
1-pALD6-F,caagaagatcatcttattaagcctttttacggttcctggccgtaagggcatgatagaattggatt
1-pALD6-R,actcgagtggaattgctgtgaggatgttcgcgtaatccatcttgtattctgatagtatgtgtttgtg
1-pRNR2-F,caagaagatcatcttattaagcctttttacggttcctggccgagtcgaacaagaagcaggc
1-pRNR2-R,actcgagtggaattgctgtgaggatgttcgcgtaatccatgatctggtaattggacaaataaatacgtg
2-pPGK1-F,tggcgagaacgtcggcggttaaaatatattaccctgaacggtgagtaaggaaagagtgaggaactatcg
2-pPGK1-R,tatagatcagatggatctggtaatatgcgagagccgtcatggtctcacatagatcttgttttatatttgttg
2-pTEF1-F,tggcgagaacgtcggcggttaaaatatattaccctgaacggccttgccaacagggagttctt
2-pTEF1-R,tatagatcagatggatctggtaatatgcgagagccgtcatggtctggtctcacatagatcttttg
2-pHHF1-F,tggcgagaacgtcggcggttaaaatatattaccctgaacgcgtcttggggccttaccacc
2-pHHF1-R,tatagatcagatggatctggtaatatgcgagagccgtcatggtctggtctcacatagatctattttac
2-pPAB1-F,tggcgagaacgtcggcggttaaaatatattaccctgaacgcgaaggcaagcccagaaaaatatc
2-pPAB1-R,tatagatcagatggatctggtaatatgcgagagccgtcatggtctggtctcacatagatctttt
2-pSAC6-F,tggcgagaacgtcggcggttaaaatatattaccctgaacgcgtttgagaatgaccttccacgag
2-pSAC6-R,tatagatcagatggatctggtaatatgcgagagccgtcatttgtgttttggtgtactccttagggc
3-pCCW12-F,ggcatgccgagcaaatgcctgcaaatcgctccccatttcgcgcacccatgaaccacacggttag
3-pCCW12-R,tgatagctgtgggtttatcctgatcttgttcttttcccatatctttattgatatagtgtttaagcgaatgacag
3-pHHF2-F,ggcatgccgagcaaatgcctgcaaatcgctccccatttcgcgtgtggagtgtttgcttgga
3-pHHF2-R,tgatagctgtgggtttatcctgatcttgttcttttcccatggtctggtctcacatagatcttatt
3-pPRL18B-F,ggcatgccgagcaaatgcctgcaaatcgctccccatttcgggtctcaaacgaagaggatgtcc
3-pPRL18B-R,tgatagctgtgggtttatcctgatcttgttcttttcccatggtctggtctcacatagatcttttgt
3-pRET2-F,ggcatgccgagcaaatgcctgcaaatcgctccccatttcgacgatggcttcttatctcacttc
3-pRET2-R,tgatagctgtgggtttatcctgatcttgttcttttcccatcttgtgtatttcttttgatggagctatagg
3-pRNR1-F,ggcatgccgagcaaatgcctgcaaatcgctccccatttcgcgggatatcgtaaacaaaggcg
3-pRNR1-R,tgatagctgtgggtttatcctgatcttgttcttttcccatggtctggtctcacatagatctgatg
